{
  "classifier": {
    "classes": [0, 1],
    "coefficients": [
      -0.3754573121827333,
      -0.38203063629277084,
      -0.36097104519319045,
      -0.43946904648267654,
      -0.16737642291383684,
      0.5607070102399455,
      -0.855295464440211,
      -0.9628492791726087,
      0.07631245973298185,
      0.32845810317254437,
      -1.2892613910584556,
      0.26511647777635505,
      -0.6718953978619013,
      -0.9988609264065382,
      -0.27950864514842666,
      0.7440772761354887,
      0.10120659996290864,
      -0.3231449170868103,
      0.2950438590180489,
      0.6817461599960503,
      -1.0265855206892538,
      -1.3205563355653773,
      -0.820396669699092,
      -0.9946710096842332,
      -0.6657151910556203,
      0.05114225449567649,
      -0.8802231400543103,
      -0.925175164821318,
      -0.8887113062614873,
      -0.4869903565302312
    ],
    "intercept": 0.22088610964219896,
    "type": "LogisticRegression"
  },
  "feature_names": [
    "radius_mean",
    "texture_mean",
    "perimeter_mean",
    "area_mean",
    "smoothness_mean",
    "compactness_mean",
    "concavity_mean",
    "concave points_mean",
    "symmetry_mean",
    "fractal_dimension_mean",
    "radius_se",
    "texture_se",
    "perimeter_se",
    "area_se",
    "smoothness_se",
    "compactness_se",
    "concavity_se",
    "concave points_se",
    "symmetry_se",
    "fractal_dimension_se",
    "radius_worst",
    "texture_worst",
    "perimeter_worst",
    "area_worst",
    "smoothness_worst",
    "compactness_worst",
    "concavity_worst",
    "concave points_worst",
    "symmetry_worst",
    "fractal_dimension_worst"
  ],
  "holdout_test_metrics": {
    "accuracy": 0.9824561403508771,
    "auc_roc_maligno": 0.9953703703703705,
    "f1_maligno": 0.9761904761904762,
    "f1_weighted": 0.9824561403508771,
    "falsos_negativos_maligno": 1,
    "precision_weighted": 0.9824561403508771,
    "recall_maligno": 0.9761904761904762,
    "recall_weighted": 0.9824561403508771
  },
  "model_key": "logistic_regression",
  "model_label": "Regressão Logística",
  "parameters": {
    "C": 1.0,
    "class_weight": null,
    "penalty": "l2",
    "solver": "lbfgs"
  },
  "preprocessing": {
    "mean": [
      14.127291739894552,
      19.289648506151142,
      91.96903339191564,
      654.8891036906855,
      0.0963602811950791,
      0.10434098418277679,
      0.0887993158172232,
      0.04891914586994728,
      0.18116186291739894,
      0.06279760984182776,
      0.40517205623901575,
      1.2168534270650264,
      2.8660592267135327,
      40.337079086116,
      0.007040978910369069,
      0.025478138840070295,
      0.03189371634446397,
      0.011796137082601054,
      0.02054229876977153,
      0.0037949038664323374,
      16.269189806678387,
      25.677223198594024,
      107.26121265377857,
      880.5831282952548,
      0.13236859402460457,
      0.25426504393673116,
      0.27218848330404216,
      0.11460622319859401,
      0.2900755711775044,
      0.0839458172231986
    ],
    "scale": [
      3.520950760711062,
      4.297254637090421,
      24.27761929305318,
      351.60475406323,
      0.014051764066591203,
      0.05276632912535515,
      0.07964972534603185,
      0.03876873246147477,
      0.027390180864268532,
      0.007054155881537345,
      0.27706894152536526,
      0.551163426903576,
      2.0200770991455244,
      45.45101341563996,
      0.0029998783671144756,
      0.01789243586828196,
      0.030159523121970472,
      0.006164860746471701,
      0.008259104387588135,
      0.0026437447504047374,
      4.828992576060772,
      6.1408543185890005,
      33.57300156682593,
      568.8564589532671,
      0.022812356935544644,
      0.15719817109455372,
      0.20844087461170602,
      0.06567455451119314,
      0.06181307854455481,
      0.01804538930859499
    ],
    "type": "StandardScaler"
  },
  "schema_version": 1,
  "source": "baseline_fase_1",
  "target_mapping": {
    "B": 1,
    "M": 0
  }
}
